page,code,time_hr,weight_change_mg_cm2
6,02-04-001-041-1,0,0
6,02-04-001-041-1,14,-0.2
6,02-04-001-041-1,28,-0.63
6,02-04-001-041-1,42,-1.18
6,02-04-001-041-1,56,-1.5
6,02-04-001-041-1,70,-1.87
6,02-04-001-041-1,86,-2.47
6,02-04-001-041-1,100,-2.87
7,02-04-001-078-2,0,0
7,02-04-001-078-2,10,-1.82
7,02-04-001-078-2,25,-3.43
7,02-04-001-078-2,40,-5.45
7,02-04-001-078-2,55,-8
7,02-04-001-078-2,70,-11.54
7,02-04-001-078-2,85,-15.6
7,02-04-001-078-2,100,-19.59
8,02-04-001-095-1,0,0
8,02-04-001-095-1,1,0.39
8,02-04-001-095-1,15,-1.21
8,02-04-001-095-1,30,-1.99
8,02-04-001-095-1,45,-2.53
8,02-04-001-095-1,60,-3.35
8,02-04-001-095-1,75,-4.2
8,02-04-001-095-1,90,-4.81
8,02-04-001-095-1,100,-5.56
9,02-04-001-095-2,0,0
9,02-04-001-095-2,1,0.21
9,02-04-001-095-2,15,-1.17
9,02-04-001-095-2,30,-1.73
9,02-04-001-095-2,45,-2.51
9,02-04-001-095-2,60,-3.39
9,02-04-001-095-2,75,-3.99
9,02-04-001-095-2,90,-4.49
9,02-04-001-095-2,100,-5.05
10,02-04-001-101-3,0,0
10,02-04-001-101-3,1,0.29
10,02-04-001-101-3,15,0.09
10,02-04-001-101-3,30,-0.29
10,02-04-001-101-3,45,-0.93
10,02-04-001-101-3,60,-1.39
10,02-04-001-101-3,75,-1.92
10,02-04-001-101-3,90,-2.37
10,02-04-001-101-3,100,-2.62
11,02-04-001-101-6,0,0
11,02-04-001-101-6,1,0.35
11,02-04-001-101-6,15,-1.03
11,02-04-001-101-6,30,-1.65
11,02-04-001-101-6,45,-2.2
11,02-04-001-101-6,60,-2.69
11,02-04-001-101-6,75,-3.13
11,02-04-001-101-6,90,-3.62
11,02-04-001-101-6,100,-3.97
12,02-04-001-107-4,0,0
12,02-04-001-107-4,1,0.42
12,02-04-001-107-4,15,-1.45
12,02-04-001-107-4,30,-2.06
12,02-04-001-107-4,45,-2.77
12,02-04-001-107-4,60,-3.67
12,02-04-001-107-4,75,-4.73
12,02-04-001-107-4,90,-5.8
12,02-04-001-107-4,100,-6.8
13,02-04-001-107-5,0,0
13,02-04-001-107-5,1,0.47
13,02-04-001-107-5,15,-0.79
13,02-04-001-107-5,30,-1.92
13,02-04-001-107-5,45,-3.06
13,02-04-001-107-5,60,-4.43
13,02-04-001-107-5,75,-6.03
13,02-04-001-107-5,90,-8
13,02-04-001-107-5,100,-9.45
14,02-04-001-123-1,0,0
14,02-04-001-123-1,1,0.11
14,02-04-001-123-1,15,-1.17
14,02-04-001-123-1,30,-2.18
14,02-04-001-123-1,45,-3.34
14,02-04-001-123-1,60,-4.78
14,02-04-001-123-1,75,-6.48
14,02-04-001-123-1,90,-9.15
14,02-04-001-123-1,100,-12.11
15,02-04-001-123-2,0,0
15,02-04-001-123-2,1,0.07
15,02-04-001-123-2,15,-1.59
15,02-04-001-123-2,30,-2.73
15,02-04-001-123-2,45,-3.98
15,02-04-001-123-2,60,-5.63
15,02-04-001-123-2,75,-7.8
15,02-04-001-123-2,90,-11.59
15,02-04-001-123-2,100,-15.16
16,02-04-001-123-4,0,0
16,02-04-001-123-4,1,-0.02
16,02-04-001-123-4,15,-0.72
16,02-04-001-123-4,30,-0.87
16,02-04-001-123-4,45,-1.2
16,02-04-001-123-4,60,-1.67
16,02-04-001-123-4,75,-2.41
16,02-04-001-123-4,90,-3.4
16,02-04-001-123-4,100,-4.35
17,02-04-001-123-5,0,0
17,02-04-001-123-5,1,0.23
17,02-04-001-123-5,15,-1.43
17,02-04-001-123-5,30,-2.22
17,02-04-001-123-5,45,-3.14
17,02-04-001-123-5,60,-4.24
17,02-04-001-123-5,75,-5.82
17,02-04-001-123-5,90,-8.02
17,02-04-001-123-5,100,-10.1
18,02-04-001-123-6,0,0
18,02-04-001-123-6,1,0.22
18,02-04-001-123-6,15,-0.6
18,02-04-001-123-6,30,-1
18,02-04-001-123-6,45,-1.67
18,02-04-001-123-6,60,-2.64
18,02-04-001-123-6,75,-3.86
18,02-04-001-123-6,90,-5.87
18,02-04-001-123-6,100,-7.93
19,02-04-001-128-1,0,0
19,02-04-001-128-1,1,0.21
19,02-04-001-128-1,15,-1.58
19,02-04-001-128-1,30,-2.77
19,02-04-001-128-1,45,-3.61
19,02-04-001-128-1,60,-4.38
19,02-04-001-128-1,75,-5.4
19,02-04-001-128-1,90,-6.55
19,02-04-001-128-1,100,-7.08
20,02-04-001-128-2,0,0
20,02-04-001-128-2,1,0.04
20,02-04-001-128-2,15,-1.05
20,02-04-001-128-2,30,-1.76
20,02-04-001-128-2,45,-2.74
20,02-04-001-128-2,60,-3.55
20,02-04-001-128-2,75,-4.32
20,02-04-001-128-2,90,-5.38
20,02-04-001-128-2,100,-5.62
21,02-04-001-130-1,0,0
21,02-04-001-130-1,1,0.16
21,02-04-001-130-1,15,-0.82
21,02-04-001-130-1,30,-1.46
21,02-04-001-130-1,45,-2.52
21,02-04-001-130-1,60,-3.67
21,02-04-001-130-1,75,-5.2
21,02-04-001-130-1,90,-8.22
21,02-04-001-130-1,100,-11.14
22,02-04-001-130-2,0,0
22,02-04-001-130-2,1,0.3
22,02-04-001-130-2,15,-1.45
22,02-04-001-130-2,30,-2.86
22,02-04-001-130-2,45,-4.9
22,02-04-001-130-2,60,-8.83
22,02-04-001-130-2,75,-15.4
22,02-04-001-130-2,90,-23.01
22,02-04-001-130-2,100,-28.76
23,02-04-001-130-3,0,0
23,02-04-001-130-3,1,0.21
23,02-04-001-130-3,15,-1.25
23,02-04-001-130-3,30,-2.34
23,02-04-001-130-3,45,-3.76
23,02-04-001-130-3,60,-5.48
23,02-04-001-130-3,75,-7.76
23,02-04-001-130-3,90,-11.14
23,02-04-001-130-3,100,-14.43
24,02-04-001-130-4,0,0
24,02-04-001-130-4,1,0.31
24,02-04-001-130-4,15,-0.52
24,02-04-001-130-4,30,-1.1
24,02-04-001-130-4,45,-1.98
24,02-04-001-130-4,60,-2.94
24,02-04-001-130-4,75,-3.91
24,02-04-001-130-4,90,-4.93
24,02-04-001-130-4,100,-5.66
25,02-04-001-130-5,0,0
25,02-04-001-130-5,1,0.27
25,02-04-001-130-5,15,-0.85
25,02-04-001-130-5,30,-1.41
25,02-04-001-130-5,45,-2.16
25,02-04-001-130-5,60,-2.99
25,02-04-001-130-5,75,-3.88
25,02-04-001-130-5,90,-4.74
25,02-04-001-130-5,100,-5.42
26,02-04-001-130-6,0,0
26,02-04-001-130-6,1,0.31
26,02-04-001-130-6,15,-1.48
26,02-04-001-130-6,30,-2.55
26,02-04-001-130-6,45,-3.7
26,02-04-001-130-6,60,-5.17
26,02-04-001-130-6,75,-6.75
26,02-04-001-130-6,90,-9.5
26,02-04-001-130-6,100,-11.99
27,02-04-001-146-5,0,0
27,02-04-001-146-5,1,0.46
27,02-04-001-146-5,15,-1.06
27,02-04-001-146-5,30,-1.84
27,02-04-001-146-5,45,-2.3
27,02-04-001-146-5,60,-2.69
27,02-04-001-146-5,75,-3.15
27,02-04-001-146-5,90,-4
27,02-04-001-146-5,100,-4.25
28,02-04-001-204-4,0,0
28,02-04-001-204-4,1,0.2
28,02-04-001-204-4,15,-2.89
28,02-04-001-204-4,30,-3.75
28,02-04-001-204-4,45,-4.21
28,02-04-001-204-4,60,-4.64
28,02-04-001-204-4,75,-5.15
28,02-04-001-204-4,90,-5.76
28,02-04-001-204-4,100,-6.13
29,02-04-001-221-1,0,0
29,02-04-001-221-1,1,0.41
29,02-04-001-221-1,15,-1.24
29,02-04-001-221-1,30,-1.24
29,02-04-001-221-1,45,-2.65
29,02-04-001-221-1,60,-3.19
29,02-04-001-221-1,75,-3.87
29,02-04-001-221-1,90,-4.38
29,02-04-001-221-1,100,-4.75
30,02-04-001-221-5,0,0
30,02-04-001-221-5,1,0.24
30,02-04-001-221-5,15,-1.44
30,02-04-001-221-5,30,-2.63
30,02-04-001-221-5,45,-3.7
30,02-04-001-221-5,60,-4.69
30,02-04-001-221-5,75,-5.72
30,02-04-001-221-5,90,-6.63
30,02-04-001-221-5,100,-7.31
31,02-04-001-328-1,0,0
31,02-04-001-328-1,1,0.35
31,02-04-001-328-1,15,-0.74
31,02-04-001-328-1,30,-1.34
31,02-04-001-328-1,45,-1.75
31,02-04-001-328-1,60,-2.15
31,02-04-001-328-1,75,-2.49
31,02-04-001-328-1,90,-2.98
31,02-04-001-328-1,100,-3.27
32,02-04-001-321-2,0,0
32,02-04-001-321-2,1,0.38
32,02-04-001-321-2,15,-0.92
32,02-04-001-321-2,30,-1.98
32,02-04-001-321-2,45,-2.96
32,02-04-001-321-2,60,-3.69
32,02-04-001-321-2,75,-4.42
32,02-04-001-321-2,90,-5.02
32,02-04-001-321-2,100,-5.5
33,02-04-001-328-1,0,0
33,02-04-001-328-1,1,0.35
33,02-04-001-328-1,15,-0.74
33,02-04-001-328-1,30,-1.34
33,02-04-001-328-1,45,-1.75
33,02-04-001-328-1,60,-2.15
33,02-04-001-328-1,75,-2.49
33,02-04-001-328-1,90,-2.98
33,02-04-001-328-1,100,-3.27
34,02-04-001-337-4,0,0
34,02-04-001-337-4,1,0.18
34,02-04-001-337-4,15,-0.79
34,02-04-001-337-4,30,-1.21
34,02-04-001-337-4,45,-1.57
34,02-04-001-337-4,60,-2.02
34,02-04-001-337-4,75,-2.78
34,02-04-001-337-4,90,-3.47
34,02-04-001-337-4,100,-4.11
35,02-04-001-002-1,0,0
35,02-04-001-002-1,8,0.28
35,02-04-001-002-2,0,0
35,02-04-001-002-2,8,0.35
35,02-04-001-002-2,24,-0.08
35,02-04-001-002-3,0,0
35,02-04-001-002-3,8,0.44
35,02-04-001-002-3,24,0.18
35,02-04-001-002-3,48,-0.11
35,02-04-001-002-4,0,0
35,02-04-001-002-4,8,0.28
35,02-04-001-002-4,24,0.06
35,02-04-001-002-4,48,-0.16
35,02-04-001-002-4,72,-0.37
35,02-04-001-002-5,0,0
35,02-04-001-002-5,8,0.38
35,02-04-001-002-5,24,0.08
35,02-04-001-002-5,48,-0.14
35,02-04-001-002-5,72,-0.32
35,02-04-001-002-5,100,-0.55
35,02-04-001-002-6,0,0
35,02-04-001-002-6,8,0.28
35,02-04-001-002-6,24,0.05
35,02-04-001-002-6,48,-0.19
35,02-04-001-002-6,72,-0.4
35,02-04-001-002-6,100,-0.64
35,02-04-001-010-2,0,0
35,02-04-001-010-2,8,0.28
35,02-04-001-010-2,24,-0.14
35,02-04-001-010-2,48,-0.56
35,02-04-001-010-2,72,-0.89
35,02-04-001-010-2,100,-1.41
35,02-04-001-010-3,0,0
35,02-04-001-010-3,8,0.29
35,02-04-001-010-3,24,-0.03
35,02-04-001-010-3,48,-0.32
35,02-04-001-010-3,72,-0.58
35,02-04-001-010-3,100,-1.11
36,02-04-001-103-3,0,0
36,02-04-001-103-3,1,0.14
36,02-04-001-103-3,15,0.2
36,02-04-001-103-3,30,0.2
36,02-04-001-103-3,45,0
36,02-04-001-103-3,60,-0.08
36,02-04-001-103-3,75,-0.15
36,02-04-001-103-3,90,-0.23
36,02-04-001-103-3,100,-0.33
36,02-04-001-103-3,200,-0.97
36,02-04-001-103-3,300,-3
36,02-04-001-103-3,400,-4.36
36,02-04-001-103-3,500,-5.4
36,02-04-001-103-3,600,-6.86
36,02-04-001-103-3,700,-8.47
36,02-04-001-103-3,800,-8.9
36,02-04-001-103-3,900,-9.76
36,02-04-001-103-3,1000,-10.71
37,02-04-001-103-4,0,0
37,02-04-001-103-4,1,0.14
37,02-04-001-103-4,15,0.26
37,02-04-001-103-4,30,0.36
37,02-04-001-103-4,45,-0.11
37,02-04-001-103-4,60,-0.31
37,02-04-001-103-4,75,-0.42
37,02-04-001-103-4,90,-0.57
37,02-04-001-103-4,100,-0.72
37,02-04-001-103-4,200,-1.56
37,02-04-001-103-4,300,-3.93
37,02-04-001-103-4,400,-5.48
37,02-04-001-103-4,500,-6.78
37,02-04-001-103-4,600,-8.73
37,02-04-001-103-4,700,-11.87
37,02-04-001-103-4,800,-13.61
37,02-04-001-103-4,900,-16.16
37,02-04-001-103-4,1000,-19.18
38,02-04-001-103-5,0,0
38,02-04-001-103-5,1,0.14
38,02-04-001-103-5,15,0.25
38,02-04-001-103-5,30,0.28
38,02-04-001-103-5,45,-0.01
38,02-04-001-103-5,60,-0.21
38,02-04-001-103-5,75,-0.33
38,02-04-001-103-5,90,-0.5
38,02-04-001-103-5,100,-0.63
39,02-04-001-103-7,0,0
39,02-04-001-103-7,46,0.17
39,02-04-001-103-7,146,-2.43
39,02-04-001-103-7,246,-4.28
39,02-04-001-103-7,346,-5.77
39,02-04-001-103-7,446,-7.97
39,02-04-001-103-7,546,-10.84
39,02-04-001-103-7,646,-12.74
39,02-04-001-103-7,746,-15.22
39,02-04-001-103-7,1000,-24.88
40,02-04-001-115-3,0,0
40,02-04-001-115-3,1,0.32
40,02-04-001-115-3,15,-0.03
40,02-04-001-115-3,30,-0.42
40,02-04-001-115-3,45,-0.51
40,02-04-001-115-3,60,-0.58
40,02-04-001-115-3,75,-0.72
40,02-04-001-115-3,90,-0.86
40,02-04-001-115-3,100,-0.95
41,02-04-001-115-6,0,0
41,02-04-001-115-6,1,0.38
41,02-04-001-115-6,15,-2.57
41,02-04-001-115-6,30,-2.69
41,02-04-001-115-6,45,-2.75
41,02-04-001-115-6,60,-2.83
41,02-04-001-115-6,75,-2.92
41,02-04-001-115-6,90,-3.03
41,02-04-001-115-6,100,-3.12
42,02-04-001-186-6,0,0
42,02-04-001-186-6,1,0.11
42,02-04-001-186-6,10,-1.37
42,02-04-001-186-6,25,-1.71
42,02-04-001-186-6,40,-1.82
42,02-04-001-186-6,55,-1.84
42,02-04-001-186-6,70,-1.93
42,02-04-001-186-6,85,-2
42,02-04-001-186-6,100,-2.06
42,02-04-001-186-6,115,-2.08
42,02-04-001-186-6,130,-2.19
42,02-04-001-186-6,145,-2.22
42,02-04-001-186-6,160,-2.36
42,02-04-001-186-6,175,-2.43
42,02-04-001-186-6,190,-2.5
42,02-04-001-186-6,200,-2.52
42,02-04-001-186-6,250,-2.91
42,02-04-001-186-6,300,-3.19
42,02-04-001-186-6,350,-3.3
42,02-04-001-186-6,400,-3.42
42,02-04-001-186-6,450,-3.5
42,02-04-001-186-6,500,-4.03
43,02-04-001-190-5,0,0
43,02-04-001-190-5,1,0.24
43,02-04-001-190-5,15,-0.76
43,02-04-001-190-5,30,-1.06
43,02-04-001-190-5,45,-1.07
43,02-04-001-190-5,60,-1.14
43,02-04-001-190-5,75,-1.15
43,02-04-001-190-5,90,-1.2
43,02-04-001-190-5,100,-1.15
43,02-04-001-190-5,115,-1.15
43,02-04-001-190-5,130,-1.21
43,02-04-001-190-5,145,-1.17
43,02-04-001-190-5,160,-1.19
43,02-04-001-190-5,175,-1.2
43,02-04-001-190-5,190,-1.24
43,02-04-001-190-5,200,-1.2
44,02-04-001-231-5,0,0
44,02-04-001-231-5,20,0.12
44,02-04-001-231-5,40,0.02
44,02-04-001-231-5,60,-0.22
44,02-04-001-231-5,80,-0.39
44,02-04-001-231-5,100,-0.58
44,02-04-001-231-5,120,-0.68
44,02-04-001-231-5,140,-0.81
44,02-04-001-231-5,160,-0.97
44,02-04-001-231-5,180,-1.09
44,02-04-001-231-5,200,-1.26
44,02-04-001-231-5,220,-1.44
44,02-04-001-231-5,240,-1.69
44,02-04-001-231-5,260,-1.89
44,02-04-001-231-5,280,-2.1
44,02-04-001-231-5,300,-2.42
44,02-04-001-231-5,320,-2.75
44,02-04-001-231-5,340,-3.06
44,02-04-001-231-5,360,-3.44
44,02-04-001-231-5,380,-3.72
44,02-04-001-231-5,400,-4.1
44,02-04-001-231-5,420,-4.42
44,02-04-001-231-5,440,-4.82
44,02-04-001-231-5,460,-5.18
44,02-04-001-231-5,480,-5.52
44,02-04-001-231-5,500,-5.83
45,02-04-001-238-5,0,0
45,02-04-001-238-5,50,-0.2
45,02-04-001-238-5,100,-0.67
45,02-04-001-238-5,150,-0.81
45,02-04-001-238-5,200,-1.12
45,02-04-001-238-5,250,-1.5
45,02-04-001-238-5,300,-2.03
45,02-04-001-238-5,350,-2.72
45,02-04-001-238-5,400,-3.49
45,02-04-001-238-5,450,-4.37
45,02-04-001-238-5,500,-5.65
46,02-04-001-276-6,0,0
46,02-04-001-276-6,1,0.22
46,02-04-001-276-6,15,0.18
46,02-04-001-276-6,30,0.07
46,02-04-001-276-6,45,-0.06
46,02-04-001-276-6,60,-0.18
46,02-04-001-276-6,75,-0.2
46,02-04-001-276-6,90,-0.39
46,02-04-001-276-6,100,-0.45
46,02-04-001-276-6,115,-0.51
46,02-04-001-276-6,130,-0.62
46,02-04-001-276-6,145,-0.65
46,02-04-001-276-6,160,-0.77
46,02-04-001-276-6,175,-0.86
46,02-04-001-276-6,190,-0.93
46,02-04-001-276-6,200,-0.97
46,02-04-001-276-6,250,-1.42
46,02-04-001-276-6,300,-1.89
46,02-04-001-276-6,350,-2.81
46,02-04-001-276-6,400,-3.46
46,02-04-001-276-6,450,-4.59
46,02-04-001-276-6,500,-5.92
47,02-04-001-324-2,0,0
47,02-04-001-324-2,1,0.21
47,02-04-001-324-2,15,0.41
47,02-04-001-324-2,30,0.16
47,02-04-001-324-2,45,-0.06
47,02-04-001-324-2,60,-0.31
47,02-04-001-324-2,75,-0.48
47,02-04-001-324-2,90,-0.57
47,02-04-001-324-2,100,-0.75
47,02-04-001-324-2,115,-0.87
47,02-04-001-324-2,130,-0.98
47,02-04-001-324-2,145,-1.07
47,02-04-001-324-2,160,-1.15
47,02-04-001-324-2,175,-1.26
47,02-04-001-324-2,190,-1.34
47,02-04-001-324-2,200,-1.4
48,02-04-001-327-1,0,0
48,02-04-001-327-1,1,0.22
48,02-04-001-327-1,15,0.24
48,02-04-001-327-1,30,-0.05
48,02-04-001-327-1,45,-0.16
48,02-04-001-327-1,60,-0.3
48,02-04-001-327-1,75,-0.42
48,02-04-001-327-1,90,-0.52
48,02-04-001-327-1,100,-0.6
48,02-04-001-327-1,115,-0.77
48,02-04-001-327-1,130,-0.89
48,02-04-001-327-1,145,-1
48,02-04-001-327-1,160,-1.02
48,02-04-001-327-1,175,-1.11
48,02-04-001-327-1,190,-1.19
48,02-04-001-327-1,200,-1.21
49,02-04-001-336-4,0,0
49,02-04-001-336-4,1,0.17
49,02-04-001-336-4,15,-30.3
49,02-04-001-336-4,30,-74.68
49,02-04-001-336-4,45,-121.38
49,02-04-001-336-4,60,-159.93
49,02-04-001-336-4,75,-194.87
49,02-04-001-336-4,90,-228.06
49,02-04-001-336-4,100,-248.76
49,02-04-001-336-4,115,-365.43
49,02-04-001-336-4,130,-310.86
49,02-04-001-336-4,145,-338.69
49,02-04-001-336-4,160,-353.51
49,02-04-001-336-4,175,-369.9
49,02-04-001-336-4,190,-397.49
49,02-04-001-336-4,200,-414.9
50,02-04-001-096-2,0,0
50,02-04-001-096-2,1,0.11
50,02-04-001-096-2,15,-0.74
50,02-04-001-096-2,30,-0.78
50,02-04-001-096-2,45,-0.78
50,02-04-001-096-2,60,-0.85
50,02-04-001-096-2,75,-0.85
50,02-04-001-096-2,90,-0.85
50,02-04-001-096-2,100,-0.92
51,02-04-001-143-3,0,0
51,02-04-001-143-3,1,0.11
51,02-04-001-143-3,15,0.14
51,02-04-001-143-3,30,0.04
51,02-04-001-143-3,45,-0.07
51,02-04-001-143-3,60,-0.28
51,02-04-001-143-3,75,-0.39
51,02-04-001-143-3,90,-0.39
51,02-04-001-143-3,100,-0.6
52,02-04-001-098-1,0,0
52,02-04-001-098-1,1,0.18
52,02-04-001-098-1,15,0.39
52,02-04-001-098-1,30,-0.04
52,02-04-001-098-1,45,-0.49
52,02-04-001-098-1,60,-0.63
52,02-04-001-098-1,75,-0.56
52,02-04-001-098-1,90,-0.53
52,02-04-001-098-1,100,-0.56
53,02-04-001-098-2,0,0
53,02-04-001-098-2,1,0.21
53,02-04-001-098-2,15,0.28
53,02-04-001-098-2,30,0.21
53,02-04-001-098-2,45,0.07
53,02-04-001-098-2,60,0.07
53,02-04-001-098-2,75,0.11
53,02-04-001-098-2,90,0.11
53,02-04-001-098-2,100,0.11
54,02-04-001-006-1,0,0
54,02-04-001-006-1,8,0.08
54,02-04-001-006-2,0,0
54,02-04-001-006-2,8,0.13
54,02-04-001-006-2,24,0.14
54,02-04-001-006-3,0,0
54,02-04-001-006-3,8,0.17
54,02-04-001-006-3,24,0.2
54,02-04-001-006-3,48,0.19
54,02-04-001-006-4,0,0
54,02-04-001-006-4,8,0.12
54,02-04-001-006-4,24,0.19
54,02-04-001-006-4,48,0.2
54,02-04-001-006-4,72,0.25
54,02-04-001-006-5,0,0
54,02-04-001-006-5,8,0.18
54,02-04-001-006-5,24,0.18
54,02-04-001-006-5,48,0.23
54,02-04-001-006-5,72,0.29
54,02-04-001-006-5,100,0.28
54,02-04-001-006-6,0,0
54,02-04-001-006-6,8,0.18
54,02-04-001-006-6,24,0.15
54,02-04-001-006-6,48,0.21
54,02-04-001-006-6,72,0.26
54,02-04-001-006-6,100,0.26
54,02-04-001-009-1,0,0
54,02-04-001-009-1,14,0.15
54,02-04-001-009-1,28,0.22
54,02-04-001-009-1,41,0.22
54,02-04-001-009-1,55,0.22
54,02-04-001-009-1,72,0.24
54,02-04-001-009-1,85,0.26
54,02-04-001-009-1,100,0.25
54,02-04-001-009-6,0,0
54,02-04-001-009-6,14,0.12
54,02-04-001-009-6,28,0.19
54,02-04-001-009-6,41,0.19
54,02-04-001-009-6,55,0.2
54,02-04-001-009-6,72,0.2
55,02-04-002-323-3,0,0
55,02-04-002-323-3,1,0.16
55,02-04-002-323-3,15,-1.39
55,02-04-002-323-3,30,-2.09
55,02-04-002-323-3,45,-2.53
55,02-04-002-323-3,60,-2.94
55,02-04-002-323-3,75,-3.34
55,02-04-002-323-3,90,-3.59
55,02-04-002-323-3,100,-3.85
56,02-04-002-190-4,0,0
56,02-04-002-190-4,1,0.32
56,02-04-002-190-4,15,-1.01
56,02-04-002-190-4,30,-1.15
56,02-04-002-190-4,45,-1.22
56,02-04-002-190-4,60,-1.33
56,02-04-002-190-4,75,-1.43
56,02-04-002-190-4,90,-1.52
56,02-04-002-190-4,100,-1.56
56,02-04-002-190-4,115,-1.62
56,02-04-002-190-4,130,-1.68
56,02-04-002-190-4,145,-1.72
56,02-04-002-190-4,160,-1.77
56,02-04-002-190-4,175,-1.78
56,02-04-002-190-4,190,-1.91
56,02-04-002-190-4,200,-1.94
57,02-04-002-326-3,0,0
57,02-04-002-326-3,1,0.36
57,02-04-002-326-3,15,0.13
57,02-04-002-326-3,30,-0.27
57,02-04-002-326-3,45,-0.43
57,02-04-002-326-3,60,-0.57
57,02-04-002-326-3,75,-0.73
57,02-04-002-326-3,90,-0.85
57,02-04-002-326-3,100,-0.97
57,02-04-002-326-3,115,-1.14
57,02-04-002-326-3,130,-1.19
57,02-04-002-326-3,145,-1.3
57,02-04-002-326-3,160,-1.42
57,02-04-002-326-3,175,-1.46
57,02-04-002-326-3,190,-1.55
57,02-04-002-326-3,200,-1.65
58,02-04-003-041-6,0,0
58,02-04-003-041-6,14,-0.9
58,02-04-003-041-6,28,-3.43
58,02-04-003-041-6,42,-6.98
58,02-04-003-041-6,56,-10.98
58,02-04-003-041-6,70,-18.04
58,02-04-003-041-6,86,-36.52
58,02-04-003-041-6,100,-56.2
59,02-04-003-095-3,0,0
59,02-04-003-095-3,1,1.77
59,02-04-003-095-3,15,-23.7
59,02-04-003-095-3,30,-67.54
59,02-04-003-095-3,45,-139.84
59,02-04-003-095-3,60,-224.2
59,02-04-003-095-3,75,-306.01
60,02-04-003-105-1,0,0
60,02-04-003-105-1,1,-0.01
60,02-04-003-105-1,15,-75.43
60,02-04-003-105-1,30,-217.51
60,02-04-003-105-1,45,-343.81
60,02-04-003-105-1,60,-457.74
60,02-04-003-105-1,75,-561.97
60,02-04-003-105-1,90,-652.69
61,02-04-003-105-2,0,0
61,02-04-003-105-2,1,0.69
61,02-04-003-105-2,15,-42.66
61,02-04-003-105-2,30,-155.34
61,02-04-003-105-2,45,-273.51
61,02-04-003-105-2,60,-384.8
61,02-04-003-105-2,75,-487.43
61,02-04-003-105-2,90,-581.66
61,02-04-003-105-2,100,-635.19
62,02-04-003-127-1,0,0
62,02-04-003-127-1,1,0.63
62,02-04-003-127-1,15,-4.39
62,02-04-003-127-1,30,-17.33
62,02-04-003-127-1,45,-54.04
62,02-04-003-127-1,60,-127.53
62,02-04-003-127-1,75,-225.13
62,02-04-003-127-1,90,-340.24
62,02-04-003-127-1,100,-417.57
63,02-04-003-127-2,0,0
63,02-04-003-127-2,1,0.21
63,02-04-003-127-2,15,-97.62
63,02-04-003-127-2,30,-244.31
63,02-04-003-127-2,45,-388.61
63,02-04-003-127-2,60,-527.85
64,02-04-003-127-3,0,0
64,02-04-003-127-3,1,0.95
64,02-04-003-127-3,15,-6.73
64,02-04-003-127-3,30,-17.49
64,02-04-003-127-3,45,-42.23
64,02-04-003-127-3,60,-77.46
64,02-04-003-127-3,75,-124.49
64,02-04-003-127-3,90,-182.49
64,02-04-003-127-3,100,-220.17
65,02-04-003-127-4,0,0
65,02-04-003-127-4,1,0.74
65,02-04-003-127-4,15,-5.33
65,02-04-003-127-4,30,-13.61
65,02-04-003-127-4,45,-31.39
65,02-04-003-127-4,60,-61.49
65,02-04-003-127-4,75,-102.03
65,02-04-003-127-4,90,-153.57
65,02-04-003-127-4,100,-190.98
66,02-04-003-127-5,0,0
66,02-04-003-127-5,1,1.84
66,02-04-003-127-5,15,-7.67
66,02-04-003-127-5,30,-11.34
66,02-04-003-127-5,45,-28.51
66,02-04-003-127-5,60,-67.52
66,02-04-003-127-5,75,-130.7
66,02-04-003-127-5,90,-216.31
66,02-04-003-127-5,100,-277.22
67,02-04-003-127,0,0
67,02-04-003-127,1,1.63
67,02-04-003-127,15,-6.32
67,02-04-003-127,30,-10.14
67,02-04-003-127,45,-20.18
67,02-04-003-127,60,-47.95
67,02-04-003-127,75,-95.89
67,02-04-003-127,90,-170.45
67,02-04-003-127,100,-231.93
68,02-04-003-096-3,0,0
68,02-04-003-096-3,1,0.57
68,02-04-003-096-3,15,-9.82
68,02-04-003-096-3,30,-26.92
68,02-04-003-096-3,45,-47.4
68,02-04-003-096-3,60,-79.62
68,02-04-003-096-3,75,-114.69
68,02-04-003-096-3,90,-152.6
68,02-04-003-096-3,100,-178.98
69,02-04-003-096-6,0,0
69,02-04-003-096-6,1,0.6
69,02-04-003-096-6,15,-6.14
69,02-04-003-096-6,30,-26.03
69,02-04-003-096-6,45,-49.6
69,02-04-003-096-6,60,-73.34
69,02-04-003-096-6,75,-98.88
69,02-04-003-096-6,90,-126.26
69,02-04-003-096-6,100,-148.13
70,02-04-003-098-3,0,0
70,02-04-003-098-3,1,0.6
70,02-04-003-098-3,15,1.59
70,02-04-003-098-3,30,1.76
70,02-04-003-098-3,45,1.73
70,02-04-003-098-3,60,1.59
70,02-04-003-098-3,75,1.66
70,02-04-003-098-3,90,1.62
70,02-04-003-098-3,100,1.62
71,02-04-003-098-6,0,0
71,02-04-003-098-6,1,0.42
71,02-04-003-098-6,15,1.41
71,02-04-003-098-6,30,1.41
71,02-04-003-098-6,45,1.37
71,02-04-003-098-6,60,1.16
71,02-04-003-098-6,75,1.09
71,02-04-003-098-6,90,0.77
71,02-04-003-098-6,100,0.53
72,02-04-004-041-4,0,0
72,02-04-004-041-4,14,-2.46
72,02-04-004-041-4,28,-4.83
72,02-04-004-041-4,42,-6.88
72,02-04-004-041-4,56,-8.39
72,02-04-004-041-4,70,-9.85
72,02-04-004-041-4,86,-11.5
72,02-04-004-041-4,100,-12.98
73,02-04-004-003-1,0,0
73,02-04-004-003-1,8,-1.51
73,02-04-004-003-2,0,0
73,02-04-004-003-2,8,-1.27
73,02-04-004-003-2,24,-1.65
73,02-04-004-003-3,0,0
73,02-04-004-003-3,8,-0.54
73,02-04-004-003-3,24,-0.88
73,02-04-004-003-3,48,-1.91
73,02-04-004-003-4,0,0
73,02-04-004-003-4,8,-0.49
73,02-04-004-003-4,24,-0.85
73,02-04-004-003-4,48,-1.89
73,02-04-004-003-4,73,-3
73,02-04-004-003-5,0,0
73,02-04-004-003-5,8,-1.77
73,02-04-004-003-5,24,-1.98
73,02-04-004-003-5,48,-2.64
73,02-04-004-003-5,73,-3.56
73,02-04-004-003-5,100,-4.67
73,02-04-004-003-6,0,0
73,02-04-004-003-6,8,-0.36
73,02-04-004-003-6,24,-0.97
73,02-04-004-003-6,48,-2.27
73,02-04-004-003-6,73,-3.4
73,02-04-004-003-6,100,-4.74
73,02-04-004-010-1,0,0
73,02-04-004-010-1,8,-0.46
73,02-04-004-010-1,24,-1.94
73,02-04-004-010-1,48,-3.78
73,02-04-004-010-1,72,-5.29
73,02-04-004-010-1,100,-7.07
74,02-04-004-007-1,0,0
74,02-04-004-007-1,8,0.11
74,02-04-004-007-2,0,0
74,02-04-004-007-2,8,0.14
74,02-04-004-007-2,24,0.24
74,02-04-004-007-3,0,0
74,02-04-004-007-3,8,0.14
74,02-04-004-007-3,24,0.29
74,02-04-004-007-3,48,0.3
74,02-04-004-007-4,0,0
74,02-04-004-007-4,8,0.17
74,02-04-004-007-4,24,0.34
74,02-04-004-007-4,48,0.37
74,02-04-004-007-4,72,0.31
74,02-04-004-007-6,0,0
74,02-04-004-007-6,8,0.14
74,02-04-004-007-6,24,0.28
74,02-04-004-007-6,48,0.3
74,02-04-004-007-6,72,0.28
74,02-04-004-007-6,100,0.32
74,02-04-004-009-4,0,0
74,02-04-004-009-4,14,0.22
74,02-04-004-009-4,28,0.28
74,02-04-004-009-4,41,0.3
74,02-04-004-009-4,55,0.3
74,02-04-004-009-4,72,0.3
74,02-04-004-009-4,85,0.34
74,02-04-004-009-4,100,0.34
74,02-04-004-009-5,0,0
74,02-04-004-009-5,14,0.19
74,02-04-004-009-5,28,0.22
74,02-04-004-009-5,41,0.26
74,02-04-004-009-5,55,0.29
74,02-04-004-009-5,72,0.29
75,02-04-005-041-2,0,0
75,02-04-005-041-2,14,-6.81
75,02-04-005-041-2,28,-12.7
75,02-04-005-041-2,42,-19.92
75,02-04-005-041-2,56,-27.31
75,02-04-005-041-2,70,-42.21
75,02-04-005-041-2,86,-78.39
75,02-04-005-041-2,100,-112.61
76,02-04-005-321-1,0,0
76,02-04-005-321-1,1,1.12
76,02-04-005-321-1,15,-9.45
76,02-04-005-321-1,30,-15.73
76,02-04-005-321-1,45,-27.21
76,02-04-005-321-1,60,-41.31
76,02-04-005-321-1,75,-65.26
76,02-04-005-321-1,90,-110.41
76,02-04-005-321-1,100,-134.14
77,02-04-005-004-1,0,0
77,02-04-005-004-1,8,2.16
77,02-04-005-004-2,0,0
77,02-04-005-004-2,8,2.16
77,02-04-005-004-2,24,1.55
77,02-04-005-004-3,0,0
77,02-04-005-004-3,8,1.97
77,02-04-005-004-3,24,1.09
77,02-04-005-004-3,48,-11.99
77,02-04-005-004-4,0,0
77,02-04-005-004-4,8,1.17
77,02-04-005-004-4,24,-0.09
77,02-04-005-004-4,48,-11.95
77,02-04-005-004-4,72,-16.48
77,02-04-005-004-5,0,0
77,02-04-005-004-5,8,1.97
77,02-04-005-004-5,24,1.8
77,02-04-005-004-5,48,-12.63
77,02-04-005-004-5,72,-17.39
77,02-04-005-004-5,100,-29.46
77,02-04-005-004-6,0,0
77,02-04-005-004-6,8,1.08
77,02-04-005-004-6,24,-0.45
77,02-04-005-004-6,48,-12.49
77,02-04-005-004-6,72,-16.94
77,02-04-005-004-6,100,-25.66
77,02-04-005-010-6,0,0
77,02-04-005-010-6,8,0.76
77,02-04-005-010-6,24,-3.33
77,02-04-005-010-6,48,-16.41
77,02-04-005-010-6,72,-22.85
77,02-04-005-010-6,100,-36.52
78,02-04-005-324-1,0,0
78,02-04-005-324-1,1,0.98
78,02-04-005-324-1,15,-0.26
78,02-04-005-324-1,30,-7.66
78,02-04-005-324-1,45,-9.2
78,02-04-005-324-1,60,-14.08
78,02-04-005-324-1,75,-19.56
78,02-04-005-324-1,90,-27.2
78,02-04-005-324-1,100,-32.99
78,02-04-005-324-1,115,-42.11
78,02-04-005-324-1,130,-55.81
78,02-04-005-324-1,145,-77
78,02-04-005-324-1,160,-99.93
78,02-04-005-324-1,175,-123.82
78,02-04-005-324-1,190,-146.16
78,02-04-005-324-1,200,-159.84
79,02-04-005-008-1,0,0
79,02-04-005-008-1,8,0.82
79,02-04-005-008-2,0,0
79,02-04-005-008-2,8,0.82
79,02-04-005-008-2,24,1.1
79,02-04-005-008-3,0,0
79,02-04-005-008-3,8,0.72
79,02-04-005-008-3,24,1.33
79,02-04-005-008-3,48,2.19
79,02-04-005-008-4,0,0
79,02-04-005-008-4,8,0.77
79,02-04-005-008-4,24,1.43
79,02-04-005-008-4,48,2.29
79,02-04-005-008-4,72,2.57
79,02-04-005-008-5,0,0
79,02-04-005-008-5,8,0.82
79,02-04-005-008-5,24,1.5
79,02-04-005-008-5,48,2.39
79,02-04-005-008-5,72,2.62
79,02-04-005-008-5,100,2.49
79,02-04-005-008-6,0,0
79,02-04-005-008-6,8,0.72
79,02-04-005-008-6,24,1.37
79,02-04-005-008-6,48,2.27
79,02-04-005-008-6,72,2.58
79,02-04-005-008-6,100,2.73
79,02-04-005-009-3,0,0
79,02-04-005-009-3,14,1.04
79,02-04-005-009-3,28,1.65
79,02-04-005-009-3,41,1.9
79,02-04-005-009-3,55,2.15
79,02-04-005-009-3,72,2.39
79,02-04-005-009-3,85,2.58
79,02-04-005-009-3,100,2.75
80,02-04-007-323-2,0,0
80,02-04-007-323-2,1,1.5
80,02-04-007-323-2,15,-9.27
80,02-04-007-323-2,30,-22.74
80,02-04-007-323-2,45,-39.28
80,02-04-007-323-2,60,-85.6
80,02-04-007-323-2,75,-125.66
80,02-04-007-323-2,90,-167.49
80,02-04-007-323-2,100,-192.13
81,02-04-007-323-5,0,0
81,02-04-007-323-5,1,0.52
81,02-04-007-323-5,15,-7.56
81,02-04-007-323-5,30,-21.57
81,02-04-007-323-5,45,-45.61
81,02-04-007-323-5,60,-93.33
81,02-04-007-323-5,75,-136.9
81,02-04-007-323-5,90,-172.67
81,02-04-007-323-5,100,-196.23
82,02-04-007-337-5,0,0
82,02-04-007-337-5,1,0.08
82,02-04-007-337-5,15,-12.32
82,02-04-007-337-5,30,-27.79
82,02-04-007-337-5,45,-46.69
82,02-04-007-337-5,60,-97.05
82,02-04-007-337-5,75,-134.85
82,02-04-007-337-5,90,-171.67
82,02-04-007-337-5,100,-204.98
83,02-04-007-310-2,0,0
83,02-04-007-310-2,1,0.77
83,02-04-007-310-2,15,1.78
83,02-04-007-310-2,30,-3.03
83,02-04-007-310-2,45,-11.4
83,02-04-007-310-2,60,-16.19
83,02-04-007-310-2,75,-24.17
83,02-04-007-310-2,90,-36.63
83,02-04-007-310-2,100,-43.39
83,02-04-007-310-2,115,-54.57
83,02-04-007-310-2,130,-71.02
83,02-04-007-310-2,145,-99.26
83,02-04-007-310-2,160,-121.44
83,02-04-007-310-2,175,-135.43
83,02-04-007-310-2,190,-151.7
83,02-04-007-310-2,200,-161.87
84,02-04-007-326-2,0,0
84,02-04-007-326-2,1,0.86
84,02-04-007-326-2,15,2.13
84,02-04-007-326-2,30,-4.92
84,02-04-007-326-2,45,-11.06
84,02-04-007-326-2,60,-16.81
84,02-04-007-326-2,75,-28.5
84,02-04-007-326-2,90,-39.74
84,02-04-007-326-2,100,-51.39
84,02-04-007-326-2,115,-81.56
84,02-04-007-326-2,130,-101.25
84,02-04-007-326-2,145,-116.64
84,02-04-007-326-2,160,-133.39
84,02-04-007-326-2,175,-155.77
84,02-04-007-326-2,190,-172.59
84,02-04-007-326-2,200,-184.46
85,02-04-007-326-5,0,0
85,02-04-007-326-5,1,0.61
85,02-04-007-326-5,15,1.46
85,02-04-007-326-5,30,-4.58
85,02-04-007-326-5,45,-5.35
85,02-04-007-326-5,60,-10.61
85,02-04-007-326-5,75,-19.94
85,02-04-007-326-5,90,-27.62
85,02-04-007-326-5,100,-34.19
85,02-04-007-326-5,115,-51.5
85,02-04-007-326-5,130,-80.65
85,02-04-007-326-5,145,-95
85,02-04-007-326-5,160,-109.95
85,02-04-007-326-5,175,-128.61
85,02-04-007-326-5,190,-144.6
85,02-04-007-326-5,200,-156.26
86,02-04-007-336-5,0,0
86,02-04-007-336-5,1,0
86,02-04-007-336-5,15,1.36
86,02-04-007-336-5,30,-9.31
86,02-04-007-336-5,45,-13.8
86,02-04-007-336-5,60,-21.27
86,02-04-007-336-5,75,-31.24
86,02-04-007-336-5,90,-41.5
86,02-04-007-336-5,100,-51.69
86,02-04-007-336-5,115,-78.81
86,02-04-007-336-5,130,-105.17
86,02-04-007-336-5,145,-116.84
86,02-04-007-336-5,160,-134.69
86,02-04-007-336-5,175,-151.17
86,02-04-007-336-5,190,-173.42
86,02-04-007-336-5,200,-183.99
87,02-04-031-328-3,0,0
87,02-04-031-328-3,1,0.43
87,02-04-031-328-3,15,-3.14
87,02-04-031-328-3,30,-14.44
87,02-04-031-328-3,45,-73.87
87,02-04-031-328-3,60,-119.21
87,02-04-031-328-3,75,-161.99
87,02-04-031-328-3,90,-205.15
87,02-04-031-328-3,100,-233.19
88,02-04-031-327-3,0,0
88,02-04-031-327-3,1,0.87
88,02-04-031-327-3,15,-0.59
88,02-04-031-327-3,30,-0.98
88,02-04-031-327-3,45,-2.9
88,02-04-031-327-3,60,-7.79
88,02-04-031-327-3,75,-33.99
88,02-04-031-327-3,90,-64.38
88,02-04-031-327-3,100,-79.36
88,02-04-031-327-3,115,-101.91
88,02-04-031-327-3,130,-124.9
88,02-04-031-327-3,145,-145.71
88,02-04-031-327-3,160,-168.06
88,02-04-031-327-3,175,-191.1
88,02-04-031-327-3,190,-213.46
88,02-04-031-327-3,200,-227.63
89,02-04-008-225-1,0,0
89,02-04-008-225-1,1,5.12
89,02-04-008-225-1,15,-90.82
89,02-04-008-225-1,30,-161.07
89,02-04-008-225-1,45,-239.26
89,02-04-008-225-1,60,-307.63
89,02-04-008-225-1,75,-369.16
90,02-04-008-225-2,0,0
90,02-04-008-225-2,1,4.02
90,02-04-008-225-2,15,-83.62
90,02-04-008-225-2,30,-157.55
90,02-04-008-225-2,45,-235.95
90,02-04-008-225-2,60,-305.41
90,02-04-008-225-2,75,-368.19
91,02-04-008-310-3,0,0
91,02-04-008-310-3,1,0.95
91,02-04-008-310-3,15,-3.31
91,02-04-008-310-3,30,-4.58
91,02-04-008-310-3,45,-6.03
91,02-04-008-310-3,60,-8.14
91,02-04-008-310-3,75,-11.11
91,02-04-008-310-3,90,-14.67
91,02-04-008-310-3,100,-17.35
91,02-04-008-310-3,115,-22.12
91,02-04-008-310-3,130,-26.13
91,02-04-008-310-3,145,-30.62
91,02-04-008-310-3,160,-35.94
91,02-04-008-310-3,175,-41.78
91,02-04-008-310-3,190,-47.82
91,02-04-008-310-3,200,-52.16
92,02-04-009-225-3,0,0
92,02-04-009-225-3,1,3
92,02-04-009-225-3,15,-52.5
92,02-04-009-225-3,30,-93.81
92,02-04-009-225-3,45,-161.89
92,02-04-009-225-3,60,-225.1
92,02-04-009-225-3,75,-285.87
92,02-04-009-225-3,90,-339.84
92,02-04-009-225-3,100,-380.35
93,02-04-009-225-6,0,0
93,02-04-009-225-6,1,3.95
93,02-04-009-225-6,15,-68.25
93,02-04-009-225-6,30,-139.76
93,02-04-009-225-6,45,-205.3
93,02-04-009-225-6,60,-271.22
93,02-04-009-225-6,75,-336.73
93,02-04-009-225-6,90,-398.75
93,02-04-009-225-6,100,-439.85
94,02-04-010-225-4,0,0
94,02-04-010-225-4,1,0.82
94,02-04-010-225-4,15,-0.26
94,02-04-010-225-4,30,-3.69
94,02-04-010-225-4,45,-9.83
94,02-04-010-225-4,60,-17.74
94,02-04-010-225-4,75,-29.34
94,02-04-010-225-4,90,-42.71
94,02-04-010-225-4,100,-58.81
95,02-04-010-225-5,0,0
95,02-04-010-225-5,1,2.93
95,02-04-010-225-5,15,-61.71
95,02-04-010-225-5,30,-126.48
95,02-04-010-225-5,45,-183.62
95,02-04-010-225-5,60,-238.35
95,02-04-010-225-5,75,-295.26
95,02-04-010-225-5,90,-345.37
95,02-04-010-225-5,100,-385.04
96,02-04-009-310-4,0,0
96,02-04-009-310-4,1,0.93
96,02-04-009-310-4,15,2.46
96,02-04-009-310-4,30,0.78
96,02-04-009-310-4,45,-2.64
96,02-04-009-310-4,60,-7
96,02-04-009-310-4,75,-12.32
96,02-04-009-310-4,90,-19.32
96,02-04-009-310-4,100,-24.86
96,02-04-009-310-4,115,-33.55
96,02-04-009-310-4,130,-42.17
96,02-04-009-310-4,145,-53.01
96,02-04-009-310-4,160,-64.08
96,02-04-009-310-4,175,-75.43
96,02-04-009-310-4,190,-87.23
96,02-04-009-310-4,200,-95.85
97,02-04-010-310-5,0,0
97,02-04-010-310-5,1,0.91
97,02-04-010-310-5,15,1.9
97,02-04-010-310-5,30,0.89
97,02-04-010-310-5,45,-1.25
97,02-04-010-310-5,60,-4.16
97,02-04-010-310-5,75,-7.91
97,02-04-010-310-5,90,-12.42
97,02-04-010-310-5,100,-16.39
97,02-04-010-310-5,115,-23.72
97,02-04-010-310-5,130,-30.95
97,02-04-010-310-5,145,-40.48
97,02-04-010-310-5,160,-51.12
97,02-04-010-310-5,175,-64.49
97,02-04-010-310-5,190,-82.11
97,02-04-010-310-5,200,-94.95
98,02-04-011-321-4,0,0
98,02-04-011-321-4,1,-0.26
98,02-04-011-321-4,15,-2.79
98,02-04-011-321-4,30,-5.04
98,02-04-011-321-4,45,-6.95
98,02-04-011-321-4,60,-9.54
98,02-04-011-321-4,75,-14.33
98,02-04-011-321-4,90,-21.73
98,02-04-011-321-4,100,-27.93
99,02-04-011-324-4,0,0
99,02-04-011-324-4,1,0.69
99,02-04-011-324-4,15,-0.77
99,02-04-011-324-4,30,-5.54
99,02-04-011-324-4,45,-24.83
99,02-04-011-324-4,60,-111.77
99,02-04-011-324-4,75,-260.46
99,02-04-011-324-4,90,-386.49
99,02-04-011-324-4,100,-449.99
99,02-04-011-324-4,115,-524.89
100,02-04-012-323-3,0,0
100,02-04-012-323-3,1,0.38
100,02-04-012-323-3,15,-7.55
100,02-04-012-323-3,30,-14.1
100,02-04-012-323-3,45,-22.73
100,02-04-012-323-3,60,-32.57
100,02-04-012-323-3,75,-43.87
100,02-04-012-323-3,90,-65.03
100,02-04-012-323-3,100,-92.89
101,02-04-012-325-3,0,0
101,02-04-012-325-3,1,0.09
101,02-04-012-325-3,15,-0.53
101,02-04-012-325-3,30,-3.12
101,02-04-012-325-3,45,-4.95
101,02-04-012-325-3,60,-6.44
101,02-04-012-325-3,75,-7.8
101,02-04-012-325-3,90,-9.05
101,02-04-012-325-3,100,-10.02
101,02-04-012-325-3,115,-11.39
101,02-04-012-325-3,130,-12.67
101,02-04-012-325-3,145,-14.18
101,02-04-012-325-3,160,-15.97
101,02-04-012-325-3,175,-18.29
101,02-04-012-325-3,190,-21.42
101,02-04-012-325-3,200,-24.44
102,02-04-013-322-1,0,0
102,02-04-013-322-1,1,-0.06
102,02-04-013-322-1,15,-6.03
102,02-04-013-322-1,30,-9.05
102,02-04-013-322-1,45,-14.93
102,02-04-013-322-1,60,-25.64
102,02-04-013-322-1,75,-46.09
102,02-04-013-322-1,90,-95.81
102,02-04-013-322-1,100,-128.66
103,02-04-013-325-1,0,0
103,02-04-013-325-1,1,0.68
103,02-04-013-325-1,15,-0.27
103,02-04-013-325-1,30,-4.9
103,02-04-013-325-1,45,-5.7
103,02-04-013-325-1,60,-6.9
103,02-04-013-325-1,75,-8.46
103,02-04-013-325-1,90,-10.54
103,02-04-013-325-1,100,-12.35
103,02-04-013-325-1,115,-15.85
103,02-04-013-325-1,130,-20.49
103,02-04-013-325-1,145,-26.58
103,02-04-013-325-1,160,-34.25
103,02-04-013-325-1,175,-44.94
103,02-04-013-325-1,190,-60.43
103,02-04-013-325-1,200,-74.11
104,02-04-021-041-3,0,0
104,02-04-021-041-3,14,0.65
104,02-04-021-041-3,28,0.26
104,02-04-021-041-3,42,-1.01
104,02-04-021-041-3,56,-1.62
104,02-04-021-041-3,70,-2.3
104,02-04-021-041-3,86,-3.09
104,02-04-021-041-3,100,-3.87
105,02-04-021-078-3,0,0
105,02-04-021-078-3,10,-1.58
105,02-04-021-078-3,25,-4.06
105,02-04-021-078-3,40,-7.33
105,02-04-021-078-3,55,-11.26
105,02-04-021-078-3,70,-22.05
105,02-04-021-078-3,85,-58.43
105,02-04-021-078-3,100,-91.95
106,02-04-021-078-6,0,0
106,02-04-021-078-6,10,-0.44
106,02-04-021-078-6,25,-1.08
106,02-04-021-078-6,40,-1.87
106,02-04-021-078-6,55,-2.78
106,02-04-021-078-6,70,-4.5
106,02-04-021-078-6,85,-6.33
106,02-04-021-078-6,100,-8.27
107,02-04-021-101-4,0,0
107,02-04-021-101-4,1,0.43
107,02-04-021-101-4,15,0.59
107,02-04-021-101-4,30,0.01
107,02-04-021-101-4,45,-0.65
107,02-04-021-101-4,60,-1.3
107,02-04-021-101-4,75,-2.03
107,02-04-021-101-4,90,-2.8
107,02-04-021-101-4,100,-3.26
108,02-04-021-101-5,0,0
108,02-04-021-101-5,1,0.28
108,02-04-021-101-5,15,-0.08
108,02-04-021-101-5,30,-0.97
108,02-04-021-101-5,45,-1.73
108,02-04-021-101-5,60,-2.39
108,02-04-021-101-5,75,-2.98
108,02-04-021-101-5,90,-3.66
108,02-04-021-101-5,100,-4.13
109,02-04-021-129-1,0,0
109,02-04-021-129-1,1,0.32
109,02-04-021-129-1,15,-0.5
109,02-04-021-129-1,30,-1.25
109,02-04-021-129-1,45,-1.7
109,02-04-021-129-1,60,-2.15
109,02-04-021-129-1,75,-2.61
109,02-04-021-129-1,90,-3.24
109,02-04-021-129-1,100,-3.81
110,02-04-021-129-3,0,0
110,02-04-021-129-3,1,0.56
110,02-04-021-129-3,15,-0.04
110,02-04-021-129-3,30,-1.17
110,02-04-021-129-3,45,-2.52
110,02-04-021-129-3,60,-4.52
110,02-04-021-129-3,75,-6.33
110,02-04-021-129-3,90,-8.87
110,02-04-021-129-3,100,-11.01
111,02-04-021-129-4,0,0
111,02-04-021-129-4,1,0.51
111,02-04-021-129-4,15,0.34
111,02-04-021-129-4,30,-0.86
111,02-04-021-129-4,45,-2.13
111,02-04-021-129-4,60,-3.75
111,02-04-021-129-4,75,-5.11
111,02-04-021-129-4,90,-6.52
111,02-04-021-129-4,100,-7.68
112,02-04-021-129-5,0,0
112,02-04-021-129-5,1,0.39
112,02-04-021-129-5,15,-0.32
112,02-04-021-129-5,30,-1.01
112,02-04-021-129-5,45,-1.48
112,02-04-021-129-5,60,-1.99
112,02-04-021-129-5,75,-2.53
112,02-04-021-129-5,90,-3.23
112,02-04-021-129-5,100,-4.2
113,02-04-021-129-6,0,0
113,02-04-021-129-6,1,0.76
113,02-04-021-129-6,15,0.45
113,02-04-021-129-6,30,-1.36
113,02-04-021-129-6,45,-3.68
113,02-04-021-129-6,60,-7.16
113,02-04-021-129-6,75,-10.44
113,02-04-021-129-6,90,-13.45
113,02-04-021-129-6,100,-15.81
114,02-04-021-204-5,0,0
114,02-04-021-204-5,1,0.33
114,02-04-021-204-5,15,-1.45
114,02-04-021-204-5,30,-2.86
114,02-04-021-204-5,45,-4.06
114,02-04-021-204-5,60,-5.2
114,02-04-021-204-5,75,-6.38
114,02-04-021-204-5,90,-7.72
114,02-04-021-204-5,100,-8.96
115,02-04-021-001-1,0,0
115,02-04-021-001-1,8,0.73
115,02-04-021-001-2,0,0
115,02-04-021-001-2,8,0.69
115,02-04-021-001-2,24,0.37
115,02-04-021-001-3,0,0
115,02-04-021-001-3,8,0.65
115,02-04-021-001-3,24,0.14
115,02-04-021-001-3,48,-0.13
115,02-04-021-001-4,0,0
115,02-04-021-001-4,8,0.56
115,02-04-021-001-4,24,0.49
115,02-04-021-001-4,46,0.36
115,02-04-021-001-4,72,-0.05
115,02-04-021-001-5,0,0
115,02-04-021-001-5,8,0.67
115,02-04-021-001-5,24,0.44
115,02-04-021-001-5,48,0.05
115,02-04-021-001-5,72,-0.34
115,02-04-021-001-5,100,-0.74
115,02-04-021-001-6,0,0
115,02-04-021-001-6,8,0.54
115,02-04-021-001-6,24,0.63
115,02-04-021-001-6,48,0.25
115,02-04-021-001-6,72,-0.18
115,02-04-021-001-6,100,-0.61
115,02-04-021-010-4,0,0
115,02-04-021-010-4,8,0.59
115,02-04-021-010-4,24,0.57
115,02-04-021-010-4,48,0.01
115,02-04-021-010-4,72,-0.38
115,02-04-021-010-4,100,-1.05
115,02-04-021-010-5,0,0
115,02-04-021-010-5,8,0.62
115,02-04-021-010-5,24,0.78
115,02-04-021-010-5,48,0.28
115,02-04-021-010-5,72,-0.38
115,02-04-021-010-5,100,-1.53
116,02-04-021-103-1,0,0
116,02-04-021-103-1,1,0.15
116,02-04-021-103-1,15,0.4
116,02-04-021-103-1,30,0.66
116,02-04-021-103-1,45,0.57
116,02-04-021-103-1,60,0.47
116,02-04-021-103-1,75,0.37
116,02-04-021-103-1,90,0.27
116,02-04-021-103-1,100,0.18
116,02-04-021-103-1,200,-0.94
116,02-04-021-103-1,300,-2.56
116,02-04-021-103-1,400,-4.18
116,02-04-021-103-1,500,-5.83
116,02-04-021-103-1,600,-8.53
116,02-04-021-103-1,700,-16.76
116,02-04-021-103-1,800,-29.72
116,02-04-021-103-1,900,-52.64
116,02-04-021-103-1,1000,-81.11
117,02-04-021-103-2,0,0
117,02-04-021-103-2,1,0.12
117,02-04-021-103-2,15,0.34
117,02-04-021-103-2,30,0.61
117,02-04-021-103-2,45,0.53
117,02-04-021-103-2,60,0.45
117,02-04-021-103-2,75,0.4
117,02-04-021-103-2,90,0.31
117,02-04-021-103-2,100,0.19
117,02-04-021-103-2,200,-0.77
117,02-04-021-103-2,300,-2.49
117,02-04-021-103-2,400,-4.32
117,02-04-021-103-2,500,-6.51
117,02-04-021-103-2,600,-12.13
117,02-04-021-103-2,700,-32.45
117,02-04-021-103-2,800,-56.37
117,02-04-021-103-2,900,-86.57
117,02-04-021-103-2,1000,-115.12
118,02-04-021-103-6,0,0
118,02-04-021-103-6,1,0.19
118,02-04-021-103-6,15,0.43
118,02-04-021-103-6,30,0.46
118,02-04-021-103-6,45,0.23
118,02-04-021-103-6,60,0.11
118,02-04-021-103-6,75,0.06
118,02-04-021-103-6,90,-0.01
118,02-04-021-103-6,100,-0.06
118,02-04-021-103-6,200,-0.54
118,02-04-021-103-6,300,-1.96
118,02-04-021-103-6,400,-3.12
118,02-04-021-103-6,500,-4.03
118,02-04-021-103-6,600,-5.26
118,02-04-021-103-6,700,-6.91
118,02-04-021-103-6,800,-8.25
118,02-04-021-103-6,900,-11.78
118,02-04-021-103-6,1000,-17.29
119,02-04-021-190-6,0,0
119,02-04-021-190-6,1,0.33
119,02-04-021-190-6,15,-0.19
119,02-04-021-190-6,30,-0.33
119,02-04-021-190-6,45,-0.35
119,02-04-021-190-6,60,-0.44
119,02-04-021-190-6,75,-0.57
119,02-04-021-190-6,90,-0.82
119,02-04-021-190-6,100,-0.97
119,02-04-021-190-6,115,-1.21
119,02-04-021-190-6,130,-1.48
119,02-04-021-190-6,145,-1.64
119,02-04-021-190-6,160,-1.76
119,02-04-021-190-6,175,-2.16
119,02-04-021-190-6,190,-2.1
119,02-04-021-190-6,200,-2.32
120,02-04-021-005-1,0,0
120,02-04-021-005-1,8,0.33
120,02-04-021-005-2,0,0
120,02-04-021-005-2,8,0.29
120,02-04-021-005-2,24,0.32
120,02-04-021-005-3,0,0
120,02-04-021-005-3,8,0.31
120,02-04-021-005-3,24,0.35
120,02-04-021-005-3,48,0.39
120,02-04-021-005-4,0,0
120,02-04-021-005-4,8,0.34
120,02-04-021-005-4,24,0.37
120,02-04-021-005-4,48,0.43
120,02-04-021-005-4,74,0.37
120,02-04-021-005-5,0,0
120,02-04-021-005-5,8,0.31
120,02-04-021-005-5,24,0.35
120,02-04-021-005-5,48,0.38
120,02-04-021-005-5,74,0.37
120,02-04-021-005-5,100,0.43
120,02-04-021-005-6,0,0
120,02-04-021-005-6,8,0.35
120,02-04-021-005-6,24,0.38
120,02-04-021-005-6,48,0.37
120,02-04-021-005-6,74,0.4
120,02-04-021-005-6,100,0.44
120,02-04-021-009-2,0,0
120,02-04-021-009-2,14,0.25
120,02-04-021-009-2,28,0.33
120,02-04-021-009-2,41,0.36
120,02-04-021-009-2,55,0.36
120,02-04-021-009-2,72,0.4
120,02-04-021-009-2,85,0.41
120,02-04-021-009-2,100,0.42
121,02-04-027-102-3,0,0
121,02-04-027-102-3,1,-0.92
121,02-04-027-102-3,15,-4.91
121,02-04-027-102-3,30,-9.99
121,02-04-027-102-3,45,-14.99
121,02-04-027-102-3,60,-20.04
121,02-04-027-102-3,75,-25.61
121,02-04-027-102-3,90,-32.53
121,02-04-027-102-3,100,-37.87
122,02-04-027-102-6,0,0
122,02-04-027-102-6,1,-1.27
122,02-04-027-102-6,15,-6
122,02-04-027-102-6,30,-13.07
122,02-04-027-102-6,45,-19.93
122,02-04-027-102-6,60,-32.45
122,02-04-027-102-6,75,-42.61
122,02-04-027-102-6,90,-55.42
122,02-04-027-102-6,100,-61.88
123,02-04-027-139-4,0,0
123,02-04-027-139-4,100,-3.25
124,02-04-025-108-6,0,0
124,02-04-025-108-6,1,0.57
124,02-04-025-108-6,15,-14.61
124,02-04-025-108-6,30,-78.76
124,02-04-025-108-6,45,-148.63
124,02-04-025-108-6,60,-214.87
124,02-04-025-108-6,75,-276.58
124,02-04-025-108-6,90,-336.24
124,02-04-025-108-6,100,-373.88
125,02-04-025-108-3,0,0
125,02-04-025-108-3,1,0.51
125,02-04-025-108-3,15,-11.1
125,02-04-025-108-3,30,-76.73
125,02-04-025-108-3,45,-149.77
125,02-04-025-108-3,60,-218.91
125,02-04-025-108-3,75,-281.64
125,02-04-025-108-3,90,-341.71
125,02-04-025-108-3,100,-380
126,02-04-025-232-3,0,0
126,02-04-025-232-3,1,0.82
126,02-04-025-232-3,15,-1.81
126,02-04-025-232-3,30,-17.58
126,02-04-025-232-3,45,-58.21
126,02-04-025-232-3,60,-90.91
126,02-04-025-232-3,75,-126.57
126,02-04-025-232-3,90,-163.89
126,02-04-025-232-3,100,-187.14
126,02-04-025-232-3,115,-226.2
126,02-04-025-232-3,130,-262.37
126,02-04-025-232-3,145,-297.41
126,02-04-025-232-3,160,-333.77
126,02-04-025-232-3,175,-369.87
126,02-04-025-232-3,190,-403.87
126,02-04-025-232-3,200,-426.54
127,02-04-016-108-4,0,0
127,02-04-016-108-4,1,0.84
127,02-04-016-108-4,15,-0.89
127,02-04-016-108-4,30,-4.53
127,02-04-016-108-4,45,-12.34
127,02-04-016-108-4,60,-24.03
127,02-04-016-108-4,75,-35.54
127,02-04-016-108-4,90,-48.77
127,02-04-016-108-4,100,-57.63
128,02-04-016-108-5,0,0
128,02-04-016-108-5,1,0.87
128,02-04-016-108-5,15,0.04
128,02-04-016-108-5,30,-2.59
128,02-04-016-108-5,45,-9.34
128,02-04-016-108-5,60,-20.85
128,02-04-016-108-5,75,-32.35
128,02-04-016-108-5,90,-45.07
128,02-04-016-108-5,100,-53.3
129,02-04-016-232-6,0,0
129,02-04-016-232-6,1,0.64
129,02-04-016-232-6,15,0.96
129,02-04-016-232-6,30,0.96
129,02-04-016-232-6,45,0.76
129,02-04-016-232-6,60,-0.05
129,02-04-016-232-6,75,-1.74
129,02-04-016-232-6,90,-4.36
129,02-04-016-232-6,100,-6.38
129,02-04-016-232-6,115,-10.36
129,02-04-016-232-6,130,-15.23
129,02-04-016-232-6,145,-19.63
129,02-04-016-232-6,160,-24.54
129,02-04-016-232-6,175,-29.68
129,02-04-016-232-6,190,-34.61
129,02-04-016-232-6,200,-38.57
130,02-04-017-322-4,0,0
130,02-04-017-322-4,1,0.48
130,02-04-017-322-4,15,-0.91
130,02-04-017-322-4,30,-2.19
130,02-04-017-322-4,45,-5.47
130,02-04-017-322-4,60,-10.55
130,02-04-017-322-4,75,-17.57
130,02-04-017-322-4,90,-26.65
130,02-04-017-322-4,100,-34.69
131,02-04-017-325-4,0,0
131,02-04-017-325-4,1,0.33
131,02-04-017-325-4,15,0.31
131,02-04-017-325-4,30,-0.01
131,02-04-017-325-4,45,-0.27
131,02-04-017-325-4,60,-0.74
131,02-04-017-325-4,75,-1.29
131,02-04-017-325-4,90,-1.94
131,02-04-017-325-4,100,-2.68
131,02-04-017-325-4,115,-4.28
131,02-04-017-325-4,130,-5.9
131,02-04-017-325-4,145,-8.15
131,02-04-017-325-4,160,-10.93
131,02-04-017-325-4,175,-14.43
131,02-04-017-325-4,190,-18.09
131,02-04-017-325-4,200,-20.97
132,02-04-019-101-1,0,0
132,02-04-019-101-1,1,0.4
132,02-04-019-101-1,15,0.58
132,02-04-019-101-1,30,-0.6
132,02-04-019-101-1,45,-3.25
132,02-04-019-101-1,60,-11.55
132,02-04-019-101-1,75,-25.05
132,02-04-019-101-1,90,-41.11
132,02-04-019-101-1,100,-53.65
133,02-04-019-101-2,0,0
133,02-04-019-101-2,1,0.41
133,02-04-019-101-2,15,-1.15
133,02-04-019-101-2,30,-1.69
133,02-04-019-101-2,45,-3.21
133,02-04-019-101-2,60,-6.97
133,02-04-019-101-2,75,-16.33
133,02-04-019-101-2,90,-30.15
133,02-04-019-101-2,100,-41.34
134,02-04-019-107-3,0,0
134,02-04-019-107-3,1,0.23
134,02-04-019-107-3,15,-2.17
134,02-04-019-107-3,30,-8.1
134,02-04-019-107-3,45,-19.04
134,02-04-019-107-3,60,-39.37
134,02-04-019-107-3,75,-79.07
134,02-04-019-107-3,90,-100.63
134,02-04-019-107-3,100,-120.87
135,02-04-019-107-6,0,0
135,02-04-019-107-6,1,0.36
135,02-04-019-107-6,15,-2.73
135,02-04-019-107-6,30,-10.3
135,02-04-019-107-6,45,-23.84
135,02-04-019-107-6,60,-52.53
135,02-04-019-107-6,75,-90.48
135,02-04-019-107-6,90,-115.44
135,02-04-019-107-6,100,-138.95
136,02-04-019-204-6,0,0
136,02-04-019-204-6,1,0.22
136,02-04-019-204-6,15,-2.59
136,02-04-019-204-6,30,-11.5
136,02-04-019-204-6,45,-60.93
136,02-04-019-204-6,60,-115.32
136,02-04-019-204-6,75,-169.79
136,02-04-019-204-6,90,-230.2
136,02-04-019-204-6,100,-266.94
137,02-04-019-321-3,0,0
137,02-04-019-321-3,1,0.72
137,02-04-019-321-3,15,1.69
137,02-04-019-321-3,30,1.99
137,02-04-019-321-3,45,1.99
137,02-04-019-321-3,60,1.91
137,02-04-019-321-3,75,1.65
137,02-04-019-321-3,90,1.08
137,02-04-019-321-3,100,-0.08
138,02-04-019-115-1,0,0
138,02-04-019-115-1,1,0.16
138,02-04-019-115-1,15,0.36
138,02-04-019-115-1,30,-0.03
138,02-04-019-115-1,45,-0.48
138,02-04-019-115-1,60,-1.32
138,02-04-019-115-1,75,-2.12
138,02-04-019-115-1,90,-3.37
138,02-04-019-115-1,100,-4.68
139,02-04-019-115-2,0,0
139,02-04-019-115-2,1,0.17
139,02-04-019-115-2,15,0.34
139,02-04-019-115-2,30,0.01
139,02-04-019-115-2,45,-0.45
139,02-04-019-115-2,60,-1.23
139,02-04-019-115-2,75,-2.42
139,02-04-019-115-2,90,-3.81
139,02-04-019-115-2,100,-5.59
140,02-04-019-190-1,0,0
140,02-04-019-190-1,1,0.12
140,02-04-019-190-1,15,0.59
140,02-04-019-190-1,30,0.33
140,02-04-019-190-1,45,0.01
140,02-04-019-190-1,60,-0.36
140,02-04-019-190-1,75,-1.15
140,02-04-019-190-1,90,-2.03
140,02-04-019-190-1,100,-3.16
140,02-04-019-190-1,115,-4.87
140,02-04-019-190-1,130,-7.22
140,02-04-019-190-1,145,-10.34
140,02-04-019-190-1,160,-12.88
140,02-04-019-190-1,175,-16.51
140,02-04-019-190-1,190,-20.97
140,02-04-019-190-1,200,-26.08
141,02-04-019-324-3,0,0
141,02-04-019-324-3,1,0.53
141,02-04-019-324-3,15,1.24
141,02-04-019-324-3,30,1.57
141,02-04-019-324-3,45,1.87
141,02-04-019-324-3,60,2.09
141,02-04-019-324-3,75,2.26
141,02-04-019-324-3,90,2.53
141,02-04-019-324-3,100,2.56
141,02-04-019-324-3,115,2.78
141,02-04-019-324-3,130,2.89
141,02-04-019-324-3,145,2.94
141,02-04-019-324-3,160,3.01
141,02-04-019-324-3,175,3
141,02-04-019-324-3,190,3.01
141,02-04-019-324-3,200,2.95
142,02-04-032-322-2,0,0
142,02-04-032-322-2,1,0.34
142,02-04-032-322-2,15,-0.86
142,02-04-032-322-2,30,-1.24
142,02-04-032-322-2,45,-1.57
142,02-04-032-322-2,60,-1.75
142,02-04-032-322-2,75,-1.97
142,02-04-032-322-2,90,-2.17
142,02-04-032-322-2,100,-2.46
143,02-04-032-325-2,0,0
143,02-04-032-325-2,1,0.13
143,02-04-032-325-2,15,0.04
143,02-04-032-325-2,30,-0.12
143,02-04-032-325-2,45,-0.21
143,02-04-032-325-2,60,-0.31
143,02-04-032-325-2,75,-0.46
143,02-04-032-325-2,90,-0.49
143,02-04-032-325-2,100,-0.58
143,02-04-032-325-2,115,-0.74
143,02-04-032-325-2,130,-0.77
143,02-04-032-325-2,145,-0.83
143,02-04-032-325-2,160,-0.93
143,02-04-032-325-2,175,-0.93
143,02-04-032-325-2,190,-1.05
143,02-04-032-325-2,200,-1.07
144,02-04-022-321-6,0,0
144,02-04-022-321-6,1,0.23
144,02-04-022-321-6,15,-11.64
144,02-04-022-321-6,30,-12.5
144,02-04-022-321-6,45,-13.72
144,02-04-022-321-6,60,-18.25
144,02-04-022-321-6,75,-27.74
144,02-04-022-321-6,90,-43.79
144,02-04-022-321-6,100,-60.56
145,02-13-016-323-6,0,0
145,02-13-016-323-6,1,-0.38
145,02-13-016-323-6,15,-11.84
145,02-13-016-323-6,30,-13
145,02-13-016-323-6,45,-14.53
145,02-13-016-323-6,60,-18.51
145,02-13-016-323-6,75,-26.57
145,02-13-016-323-6,90,-39.37
145,02-13-016-323-6,100,-51.14
146,02-04-022-251-1,0,0
146,02-04-022-251-1,1,0.91
146,02-04-022-251-1,15,-5.01
146,02-04-022-251-1,30,-6.74
146,02-04-022-251-1,45,-7.48
146,02-04-022-251-1,60,-8.07
146,02-04-022-251-1,75,-8.63
146,02-04-022-251-1,90,-9.24
146,02-04-022-251-1,100,-9.75
146,02-04-022-251-1,115,-10.43
146,02-04-022-251-1,130,-11.34
146,02-04-022-251-1,145,-12.73
146,02-04-022-251-1,160,-14.66
146,02-04-022-251-1,175,-17.45
146,02-04-022-251-1,190,-22.17
146,02-04-022-251-1,200,-27.48
147,02-04-022-251-2,0,0
147,02-04-022-251-2,1,1.02
147,02-04-022-251-2,15,-6.06
147,02-04-022-251-2,30,-7.68
147,02-04-022-251-2,45,-8.62
147,02-04-022-251-2,60,-9.48
147,02-04-022-251-2,75,-10.25
147,02-04-022-251-2,90,-11.13
147,02-04-022-251-2,100,-11.87
147,02-04-022-251-2,115,-13.1
147,02-04-022-251-2,130,-14.97
147,02-04-022-251-2,145,-17.99
147,02-04-022-251-2,160,-22.29
147,02-04-022-251-2,175,-29.02
147,02-04-022-251-2,190,-39.52
147,02-04-022-251-2,200,-47.83
148,02-04-022-266-1,0,0
148,02-04-022-266-1,1,1.07
148,02-04-022-266-1,15,-6.76
148,02-04-022-266-1,30,-8.91
148,02-04-022-266-1,45,-9.33
148,02-04-022-266-1,60,-9.65
148,02-04-022-266-1,75,-9.96
148,02-04-022-266-1,90,-10.34
148,02-04-022-266-1,100,-10.63
148,02-04-022-266-1,115,-11.03
148,02-04-022-266-1,130,-11.58
148,02-04-022-266-1,145,-12.2
148,02-04-022-266-1,160,-13.24
148,02-04-022-266-1,175,-14.66
148,02-04-022-266-1,190,-16.61
148,02-04-022-266-1,200,-18.64
149,02-04-022-269-1,0,0
149,02-04-022-269-1,1,0.89
149,02-04-022-269-1,15,-5.06
149,02-04-022-269-1,30,-6.07
149,02-04-022-269-1,45,-6.39
149,02-04-022-269-1,60,-6.78
149,02-04-022-269-1,75,-7.2
149,02-04-022-269-1,90,-7.71
149,02-04-022-269-1,100,-8.11
149,02-04-022-269-1,115,-8.62
149,02-04-022-269-1,130,-9.33
149,02-04-022-269-1,145,-10.37
149,02-04-022-269-1,160,-11.89
149,02-04-022-269-1,175,-14.28
149,02-04-022-269-1,190,-18.03
149,02-04-022-269-1,200,-21.46
150,02-13-016-310-6,0,0
150,02-13-016-310-6,1,-3.89
150,02-13-016-310-6,15,-29.37
150,02-13-016-310-6,30,-34.39
150,02-13-016-310-6,45,-35.31
150,02-13-016-310-6,60,-35.78
150,02-13-016-310-6,75,-36.23
150,02-13-016-310-6,90,-36.76
150,02-13-016-310-6,100,-37.17
150,02-13-016-310-6,115,-38
150,02-13-016-310-6,130,-38.79
150,02-13-016-310-6,145,-39.83
150,02-13-016-310-6,160,-41.06
150,02-13-016-310-6,175,-42.65
150,02-13-016-310-6,190,-44.59
150,02-13-016-310-6,200,-46.18
151,02-04-022-324-6,0,0
151,02-04-022-324-6,1,0.77
151,02-04-022-324-6,15,-2.42
151,02-04-022-324-6,30,-6.86
151,02-04-022-324-6,45,-7.61
151,02-04-022-324-6,60,-8.28
151,02-04-022-324-6,75,-8.84
151,02-04-022-324-6,90,-9.42
151,02-04-022-324-6,100,-9.95
151,02-04-022-324-6,115,-10.77
151,02-04-022-324-6,130,-11.79
151,02-04-022-324-6,145,-13.32
151,02-04-022-324-6,160,-15.83
151,02-04-022-324-6,175,-19.67
151,02-04-022-324-6,190,-24.92
151,02-04-022-324-6,200,-29.06
152,02-13-016-326-6,0,0
152,02-13-016-326-6,1,0.73
152,02-13-016-326-6,15,-5.35
152,02-13-016-326-6,30,-7.5
152,02-13-016-326-6,45,-7.75
152,02-13-016-326-6,60,-7.92
152,02-13-016-326-6,75,-8.14
152,02-13-016-326-6,90,-8.48
152,02-13-016-326-6,100,-8.76
152,02-13-016-326-6,115,-9.24
152,02-13-016-326-6,130,-9.73
152,02-13-016-326-6,145,-10.45
152,02-13-016-326-6,160,-11.47
152,02-13-016-326-6,175,-12.8
152,02-13-016-326-6,190,-14.8
152,02-13-016-326-6,200,-16.65
153,02-04-023-321-5,0,0
153,02-04-023-321-5,1,-0.99
153,02-04-023-321-5,15,-12.97
153,02-04-023-321-5,30,-61.94
153,02-04-023-321-5,45,-120.03
153,02-04-023-321-5,60,-170.19
153,02-04-023-321-5,75,-218.44
153,02-04-023-321-5,90,-264.68
153,02-04-023-321-5,100,-294.07
154,02-04-023-324-5,0,0
154,02-04-023-324-5,1,1.04
154,02-04-023-324-5,15,0.69
154,02-04-023-324-5,30,-3.13
154,02-04-023-324-5,45,-9.66
154,02-04-023-324-5,60,-23.09
154,02-04-023-324-5,75,-60.49
154,02-04-023-324-5,90,-93.21
154,02-04-023-324-5,100,-111.14
154,02-04-023-324-5,115,-136.29
154,02-04-023-324-5,130,-161.11
154,02-04-023-324-5,145,-185.11
154,02-04-023-324-5,160,-208.69
154,02-04-023-324-5,175,-231.76
154,02-04-023-324-5,190,-255.12
154,02-04-023-324-5,200,-270.2
155,02-04-024-102-4,0,0
155,02-04-024-102-4,1,3.36
155,02-04-024-102-4,15,-85.34
155,02-04-024-102-4,30,-175.66
155,02-04-024-102-4,45,-272.21
155,02-04-024-102-4,60,-364.84
155,02-04-024-102-4,75,-447.27
155,02-04-024-102-4,90,-524.02
155,02-04-024-102-4,100,-568.27
156,02-04-024-102-5,0,0
156,02-04-024-102-5,1,2.76
156,02-04-024-102-5,15,-74.59
156,02-04-024-102-5,30,-160.94
156,02-04-024-102-5,45,-241.34
156,02-04-024-102-5,60,-329.45
156,02-04-024-102-5,75,-398.74
156,02-04-024-102-5,90,-465.65
156,02-04-024-102-5,100,-505.33